{
    "batch_size": 32,
    "lr": 1e-05,
    "hidden_dropout_prob": 0.3,
    "option": "finetune",
    "epoch": [
        0,
        1,
        2,
        3,
        4,
        5,
        6,
        7,
        8,
        9
    ],
    "train_loss": [
        0.5385147170998025,
        0.42995407498148,
        0.3606144801742928,
        0.2991970085721064,
        0.24360527057092227,
        0.193755275639734,
        0.1550075551304033,
        0.12575956285148768,
        0.10267722572407342,
        0.08686625039292398
    ],
    "train_sentiment_acc": [
        0.42415985467756584,
        0.4114441416893733,
        0.4550408719346049,
        0.4977293369663942,
        0.47774750227066304,
        0.46503178928247046,
        0.4477747502270663,
        0.4586739327883742,
        0.4641235240690282,
        0.4514078110808356
    ],
    "train_paraphrase_acc": [
        0.7502473777953691,
        0.8081832574708094,
        0.8119928755194934,
        0.8266871165644172,
        0.8268850188007124,
        0.8217395606570355,
        0.8226301207203641,
        0.8183752226400158,
        0.798832376805858,
        0.8158024935681774
    ],
    "train_sts_corr": [
        0.48456424361529665,
        0.5233987300620103,
        0.5454417488033132,
        0.5317795904364433,
        0.5471506549668365,
        0.5526187476635234,
        0.5408269654748943,
        0.5541046251522832,
        0.5562645953713355,
        0.5689002696602247
    ],
    "train_avg_normalized_score": [
        0.638896451426861,
        0.660442254730396,
        0.6799182072852515,
        0.6967687495830109,
        0.6927359495182644,
        0.6876935745904226,
        0.6802727845616259,
        0.684700489334844,
        0.680362732853518,
        0.6838868131597083
    ],
    "test_sentiment_accuracy": [
        0.4577293369663942
    ],
    "test_paraphrase_accuracy": [
        0.8266871165644172
    ],
    "test_sts_corr": [
        0.5481536959169422
    ]
}