{
    "epoch": [
        0,
        1,
        2,
        3,
        4,
        5,
        6,
        7,
        8,
        9
    ],
    "train_loss": [
        0.3815763981351368,
        0.08832827755728755,
        0.054669378845404105,
        0.04907605522279584,
        0.023787837949359493,
        0.014668628093068462,
        0.007317566701535257,
        0.009821646390961501,
        0.0057396979247182865,
        0.009610127959570142
    ],
    "train_acc": [
        0.9847685998828354,
        0.9900410076157,
        0.9572349150556532,
        0.997070884592853,
        0.9976567076742824,
        0.9994141769185706,
        1.0,
        0.9994141769185706,
        1.0,
        1.0
    ],
    "train_f1": [
        0.9847681764642895,
        0.9900410076157,
        0.9571708885362502,
        0.9970708805718904,
        0.9976567004365373,
        0.9994141737017872,
        1.0,
        0.9994141696807586,
        1.0,
        1.0
    ],
    "dev_acc": [
        0.963265306122449,
        0.9673469387755103,
        0.9142857142857143,
        0.9551020408163265,
        0.9591836734693877,
        0.9591836734693877,
        0.9551020408163265,
        0.963265306122449,
        0.9551020408163265,
        0.9551020408163265
    ],
    "dev_f1": [
        0.9632628579997,
        0.9673420421221008,
        0.9138205390194469,
        0.9550750971011353,
        0.9591666666666667,
        0.9591666666666667,
        0.9550541185103651,
        0.9632432612645652,
        0.9551020408163265,
        0.9550541185103651
    ],
    "test_acc": [
        0.9673469387755103
    ]
}