{
    "batch_size": 32,
    "lr": 1e-05,
    "hidden_dropout_prob": 0.3,
    "option": "finetune",
    "epoch": [
        0,
        1,
        2,
        3,
        4,
        5,
        6,
        7,
        8,
        9
    ],
    "train_loss": [
        0.549500740271836,
        0.4488711662288082,
        0.3791753112049426,
        0.315575750287303,
        0.25751178448408074,
        0.20838923036804718,
        0.16882716254749294,
        0.13574182934976592,
        0.1121476285732166,
        0.09178147776519735
    ],
    "train_sentiment_acc": [
        0.7438650306748467,
        0.7390164258856126,
        0.7653868988719572,
        0.7698891747476746,
        0.7828022956659411,
        0.7999703146645557,
        0.795814367702355,
        0.7743914506233921,
        0.7972491589154957,
        0.7931921630714427
    ],
    "train_paraphrase_acc": [
        0.3996366939146231,
        0.46866485013623976,
        0.4950045413260672,
        0.5013623978201635,
        0.4768392370572207,
        0.4868301544050863,
        0.4950045413260672,
        0.4841053587647593,
        0.48138056312443234,
        0.47956403269754766
    ],
    "train_sts_corr": [
        0.5008115917615482,
        0.5412690334744467,
        0.5344255929097103,
        0.5453229533997856,
        0.5506034055422853,
        0.5452216354981848,
        0.5717124882088139,
        0.578607636396631,
        0.5802118893123102,
        0.5759362235493464
    ],
    "train_avg_normalized_score": [
        0.6313025068234147,
        0.6594385975863585,
        0.6758680788842932,
        0.6813043497559103,
        0.6783144118314347,
        0.6864704289395781,
        0.6922250510442763,
        0.6826002091954889,
        0.6895785555653612,
        0.6869081025145545
    ],
    "test_sentiment_accuracy": [
        0.4950045413260672
    ],
    "test_paraphrase_accuracy": [
        0.795814367702355
    ],
    "test_sts_corr": [
        0.5778795189494738
    ]
}