{
    "batch_size": 32,
    "lr": 1e-05,
    "hidden_dropout_prob": 0.3,
    "option": "finetune",
    "epoch": [
        0,
        1,
        2,
        3,
        4,
        5,
        6,
        7,
        8,
        9
    ],
    "train_loss": [
        0.5685702360747974,
        0.4681304496945527,
        0.3912278109739102,
        0.32290717060461965,
        0.26490481540120836,
        0.21468847127903945,
        0.17487599096036058,
        0.1463405802691689,
        0.12362858037513579,
        0.10634512263419876
    ],
    "train_sentiment_acc": [
        0.3896457765667575,
        0.43505903723887374,
        0.45958219800181654,
        0.4713896457765668,
        0.4841053587647593,
        0.4659400544959128,
        0.46866485013623976,
        0.47229791099000906,
        0.4977293369663942,
        0.47593097184377836
    ],
    "train_paraphrase_acc": [
        0.5460617454977241,
        0.6901345735206807,
        0.7580645161290323,
        0.7761230951909757,
        0.7645458143677023,
        0.7315950920245399,
        0.752968533544429,
        0.7480704531961211,
        0.7271917672669701,
        0.745398773006135
    ],
    "train_sts_corr": [
        0.38182653875832395,
        0.4792218899992883,
        0.5320027212101109,
        0.5142384926949384,
        0.5267661705929463,
        0.5432136204364282,
        0.5609487365803602,
        0.5461975612954791,
        0.5694584648549944,
        0.5525983750420954
    ],
    "train_avg_normalized_score": [
        0.5422069304812145,
        0.6216015185863996,
        0.6612160249119682,
        0.6682106624383373,
        0.6706780861429783,
        0.6563806522462222,
        0.6673692506569496,
        0.6644890482779566,
        0.6698834455536206,
        0.6658763107903204
    ],
    "test_sentiment_accuracy": [
        0.4841053587647593
    ],
    "test_paraphrase_accuracy": [
        0.7645458143677023
    ],
    "test_sts_corr": [
        0.5337286017830823
    ]
}