{
    "batch_size": 32,
    "lr": 1e-05,
    "hidden_dropout_prob": 0.3,
    "option": "finetune",
    "epoch": [
        0,
        1,
        2,
        3,
        4,
        5,
        6,
        7,
        8,
        9
    ],
    "train_loss": [
        0.5677878729977682,
        0.4776428093734324,
        0.3998652796011667,
        0.3290179597329182,
        0.2662586072821043,
        0.21566017321759606,
        0.17548827042703125,
        0.14447151452139503,
        0.12422496570574365,
        0.10634143326344452
    ],
    "train_sentiment_acc": [
        0.3932788374205268,
        0.4296094459582198,
        0.43505903723887374,
        0.47411444141689374,
        0.48501362397820164,
        0.4713896457765668,
        0.43869209809264303,
        0.4695731153496821,
        0.46684831970935514,
        0.4677565849227975
    ],
    "train_paraphrase_acc": [
        0.5331981001385315,
        0.7408470215713437,
        0.7580645161290323,
        0.781169602216505,
        0.7246685137542054,
        0.7233326736592124,
        0.7192262022560855,
        0.7043835345339402,
        0.7121017217494557,
        0.7346131011280428
    ],
    "train_sts_corr": [
        0.41973579902613734,
        0.4943267786020769,
        0.5421040481952296,
        0.5199943548786488,
        0.5366026684732466,
        0.5450677724234426,
        0.563706688208645,
        0.545035699834767,
        0.5675054658494237,
        0.5739336970024681
    ],
    "train_avg_normalized_score": [
        0.5454482790240424,
        0.639206618943534,
        0.654725192488507,
        0.671760407024241,
        0.6593278239896767,
        0.6557520685491668,
        0.646590548151017,
        0.6488248332670019,
        0.654234258127841,
        0.6631121781840247
    ],
    "test_sentiment_accuracy": [
        0.47411444141689374
    ],
    "test_paraphrase_accuracy": [
        0.781169602216505
    ],
    "test_sts_corr": [
        0.5347970420890681
    ]
}