{
    "batch_size": 32,
    "lr": 1e-05,
    "hidden_dropout_prob": 0.3,
    "option": "finetune",
    "epoch": [
        0,
        1,
        2,
        3,
        4,
        5,
        6,
        7,
        8,
        9,
        10,
        11,
        12,
        13,
        14,
        15,
        16,
        17,
        18,
        19
    ],
    "train_loss": [
        0.5698025296455576,
        0.49085212891899255,
        0.45674311883011376,
        0.43041740992656735,
        0.40845896207428506,
        0.3887074338818254,
        0.369184404285491,
        0.3501071515094066,
        0.33407310970500265,
        0.3169797178374641,
        0.29894643983039615,
        0.28441272524398165,
        0.2672528958688106,
        0.25199522001820784,
        0.23841430840447894,
        0.22519226453804295,
        0.20896601054608185,
        0.19657254177052108,
        0.18489825942558544,
        0.17237519871370197
    ],
    "train_sentiment_acc": [
        0.684395408668118,
        0.7314961409063923,
        0.6531268553334653,
        0.7583118939244013,
        0.7066099346922621,
        0.629873342568771,
        0.7504452800316643,
        0.68869978230754,
        0.7178903621610924,
        0.6813773995646151,
        0.6913714624975262,
        0.7264496338808628,
        0.7198693845240451,
        0.7118048683950129,
        0.6973580051454581,
        0.7180882643973877,
        0.7069562636057788,
        0.7777063130813379,
        0.7688007124480507,
        0.7563328715614487
    ],
    "train_paraphrase_acc": [
        0.31244323342415986,
        0.3006357856494096,
        0.32334241598546776,
        0.42052679382379654,
        0.36239782016348776,
        0.3905540417801998,
        0.41689373297002724,
        0.4332425068119891,
        0.44504995458673935,
        0.4287011807447775,
        0.4196185286103542,
        0.43778383287920075,
        0.42779291553133514,
        0.43142597638510444,
        0.4477747502270663,
        0.4323342415985468,
        0.4368755676657584,
        0.4396003633060854,
        0.4368755676657584,
        0.44323342415985467
    ],
    "train_sts_corr": [
        0.31308663833048844,
        0.3465237415426221,
        0.3650945342757366,
        0.39978744063924654,
        0.401481291209785,
        0.39867080249121817,
        0.4083759717274605,
        0.4310132909443926,
        0.43440232932207806,
        0.42132429212644895,
        0.4317342822474011,
        0.4353451792679441,
        0.4420896552678996,
        0.4371493490836483,
        0.4231209542544857,
        0.4497604219157018,
        0.42605198712803494,
        0.44038242805800454,
        0.4188909097995798,
        0.4533658529733809
    ],
    "train_avg_normalized_score": [
        0.551127320419174,
        0.5684645991090377,
        0.5530055128189337,
        0.6262441360226071,
        0.5899161334868808,
        0.57325426186486,
        0.6238423329551406,
        0.6124829781972418,
        0.6267138271362903,
        0.6069135754575391,
        0.608952377410527,
        0.6273020187980118,
        0.6229023758964434,
        0.6206018397739804,
        0.618897744166589,
        0.6251009056512619,
        0.6189526082785183,
        0.6458326301388085,
        0.6383739116711996,
        0.6420830740693312
    ],
    "test_sentiment_accuracy": [
        0.4396003633060854
    ],
    "test_paraphrase_accuracy": [
        0.7777063130813379
    ],
    "test_sts_corr": [
        0.4420417005260205
    ]
}