{
    "batch_size": 8,
    "lr": 1e-05,
    "hidden_dropout_prob": 0.3,
    "option": "pretrain",
    "epoch": [
        0,
        1,
        2
    ],
    "train_loss": [
        1.6380321253998003,
        1.6036651315314046,
        1.5832776411642295
    ],
    "train_acc": [
        0.2880383895131086,
        0.30079588014981273,
        0.31659644194756553
    ],
    "train_f1": [
        0.23841091529892902,
        0.23670895246137275,
        0.25152448495434987
    ],
    "dev_acc": [
        0.3006357856494096,
        0.29791099000908267,
        0.30154405086285196
    ],
    "dev_f1": [
        0.2571152945428128,
        0.23198375472488725,
        0.24078006723189968
    ],
    "test_sentiment_accuracy": [
        0.30154405086285196
    ],
    "test_paraphrase_accuracy": [
        0.41895903423708686
    ],
    "test_sts_corr": [
        0.019209235887218144
    ]
}