{
    "batch_size": 32,
    "lr": 1e-05,
    "hidden_dropout_prob": 0.3,
    "option": "finetune",
    "epoch": [
        0,
        1,
        2,
        3,
        4,
        5,
        6,
        7,
        8,
        9,
        10,
        11,
        12,
        13,
        14,
        15,
        16,
        17,
        18,
        19
    ],
    "train_loss": [
        0.6008705936262309,
        0.5462892146818508,
        0.5181231752645901,
        0.49629479588642134,
        0.47847596646751256,
        0.459168221160018,
        0.4390222816764331,
        0.42137313195110565,
        0.4030745620837389,
        0.3847258097021342,
        0.36474543346176874,
        0.3467059556773607,
        0.3281151784714518,
        0.31184930480136863,
        0.293375546315035,
        0.2770286482934851,
        0.26302036313953314,
        0.2464709338239864,
        0.23217034073528964,
        0.2193136646444006
    ],
    "train_sentiment_acc": [
        0.24250681198910082,
        0.3651226158038147,
        0.37057220708446864,
        0.36603088101725706,
        0.3796548592188919,
        0.37420526793823794,
        0.40417801998183467,
        0.43142597638510444,
        0.405086285195277,
        0.42779291553133514,
        0.4405086285195277,
        0.4405086285195277,
        0.45231607629427795,
        0.44504995458673935,
        0.444141689373297,
        0.4187102633969119,
        0.4250681198910082,
        0.4396003633060854,
        0.44595821980018163,
        0.45776566757493187
    ],
    "train_paraphrase_acc": [
        0.6434296457549971,
        0.7198199089649713,
        0.7374332079952504,
        0.7345141500098951,
        0.7399564615080151,
        0.7326835543241639,
        0.7477735998416782,
        0.7490599643775975,
        0.7606372452008707,
        0.7330298832376806,
        0.7300118741341777,
        0.732930932119533,
        0.7503958044725906,
        0.7474767464872353,
        0.7654858499901049,
        0.7627646942410449,
        0.7674648723530576,
        0.7701365525430437,
        0.7559370670888581,
        0.7655848011082526
    ],
    "train_sts_corr": [
        0.2610074756071511,
        0.2833911981610477,
        0.3235360116746488,
        0.3305263177771741,
        0.3491707169906387,
        0.3352478412536507,
        0.33372051236263234,
        0.3468010349047398,
        0.3474145908139117,
        0.348580106008049,
        0.35098442917121886,
        0.36527502550340296,
        0.36666399873009814,
        0.3558075518811295,
        0.3629272627779478,
        0.3656787353306157,
        0.36368570522163324,
        0.3598692460567847,
        0.3538877003386785,
        0.35823495662401406
    ],
    "train_avg_normalized_score": [
        0.5054800651825578,
        0.5755460412831033,
        0.5899244736390145,
        0.5886027299719131,
        0.5980655597407422,
        0.5915042476297424,
        0.606270625334943,
        0.6179621527383573,
        0.6131436086010346,
        0.6117042839243468,
        0.6153375724131049,
        0.6186923577969207,
        0.6286812933773059,
        0.6234768256715131,
        0.6303637235841253,
        0.6214381084344215,
        0.6247919482849608,
        0.6298905129591739,
        0.626279712352793,
        0.6341559823317305
    ],
    "test_sentiment_accuracy": [
        0.45776566757493187
    ],
    "test_paraphrase_accuracy": [
        0.7655848011082526
    ],
    "test_sts_corr": [
        0.37039108206896215
    ]
}