{
    "batch_size": 32,
    "lr": 1e-05,
    "hidden_dropout_prob": 0.3,
    "option": "finetune",
    "epoch": [
        0,
        1,
        2,
        3,
        4,
        5,
        6,
        7,
        8,
        9
    ],
    "train_loss": [
        0.5698025296455576,
        0.49085212891899255,
        0.45674311883011376,
        0.43041740992656735,
        0.40845896207428506,
        0.3887074338818254,
        0.369184404285491,
        0.3501071515094066,
        0.33407310970500265,
        0.3169797178374641
    ],
    "train_sentiment_acc": [
        0.31244323342415986,
        0.3006357856494096,
        0.32334241598546776,
        0.42052679382379654,
        0.36239782016348776,
        0.3905540417801998,
        0.41689373297002724,
        0.4332425068119891,
        0.44504995458673935,
        0.4287011807447775
    ],
    "train_paraphrase_acc": [
        0.684395408668118,
        0.7314961409063923,
        0.6531268553334653,
        0.7583118939244013,
        0.7066099346922621,
        0.629873342568771,
        0.7504452800316643,
        0.68869978230754,
        0.7178903621610924,
        0.6813773995646151
    ],
    "train_sts_corr": [
        0.31308663833048844,
        0.3465237415426221,
        0.3650945342757366,
        0.39978744063924654,
        0.401481291209785,
        0.39867080249121817,
        0.4083759717274605,
        0.4310132909443926,
        0.43440232932207806,
        0.42132429212644895
    ],
    "train_avg_normalized_score": [
        0.551127320419174,
        0.5684645991090377,
        0.5530055128189337,
        0.6262441360226071,
        0.5899161334868808,
        0.57325426186486,
        0.6238423329551406,
        0.6124829781972418,
        0.6267138271362903,
        0.6069135754575391
    ],
    "test_sentiment_accuracy": [
        0.4396003633060854
    ],
    "test_paraphrase_accuracy": [
        0.7777063130813379
    ],
    "test_sts_corr": [
        0.4420417005260205
    ]
}