{
    "epoch": [
        0,
        1,
        2,
        3,
        4,
        5,
        6,
        7,
        8,
        9
    ],
    "train_loss": [
        1.2431326459967689,
        0.9603291787625698,
        0.7685437155992128,
        0.5707090304055241,
        0.39070451942234113,
        0.27393240554167536,
        0.2047913913128458,
        0.1656764431417072,
        0.12724179168988703,
        0.11361066272224156
    ],
    "train_acc": [
        0.5916432584269663,
        0.7312734082397003,
        0.8377808988764045,
        0.8937265917602997,
        0.9123361423220974,
        0.9636001872659176,
        0.9640683520599251,
        0.9619616104868914,
        0.96687734082397,
        0.9810393258426966
    ],
    "train_f1": [
        0.5131842315989587,
        0.720175458834025,
        0.8333033017365186,
        0.8943070974133394,
        0.9137649783157057,
        0.9639430372479894,
        0.9639963625796973,
        0.96164543561708,
        0.9672831884964905,
        0.981010791055031
    ],
    "dev_acc": [
        0.4895549500454133,
        0.5204359673024523,
        0.5186194368755677,
        0.49227974568574023,
        0.49227974568574023,
        0.5059037238873751,
        0.4904632152588556,
        0.4940962761126249,
        0.4977293369663942,
        0.5031789282470481
    ],
    "dev_f1": [
        0.4119055505620719,
        0.5028788634883126,
        0.5066407036136862,
        0.48241150505304986,
        0.4835672481600385,
        0.48947172674539585,
        0.4818453061870702,
        0.48326268129356736,
        0.480528640179364,
        0.4886940010707933
    ],
    "test_acc": [
        0.5204359673024523
    ]
}